Rank,Count,Word
0,36,state
1,29,congress
2,25,government
3,24,upon
4,21,one
5,21,labor
6,20,union
7,20,country
8,19,court
9,18,general
10,17,people
11,16,capital
12,14,year
13,14,power
14,14,nation
15,14,law
16,13,may
17,13,insurgent
18,12,right
19,12,person
20,11,time
21,11,territory
22,11,present
23,11,great
24,11,circuit
25,10,shall
26,10,secretary
27,10,number
28,10,men
29,10,made
30,10,large
31,10,army
32,10,also
33,10,act
34,9,whole
35,9,well
36,9,united
37,9,supreme
38,9,subject
39,9,recommend
40,9,public
41,9,part
42,9,many
43,9,judge
44,9,insurrection
45,9,foreign
46,9,condition
47,9,claim
48,9,citizen
49,9,attention
50,9,already
51,8,war
52,8,vessel
53,8,thus
54,8,since
55,8,new
56,8,mean
57,8,last
58,8,laborer
59,8,justice
60,8,however
61,8,far
62,8,consideration
63,7,without
64,7,view
65,7,system
66,7,report
67,7,recommendation
68,7,measure
69,7,leaving
70,7,interest
71,7,importance
72,7,hired
73,7,free
74,7,force
75,7,duty
76,7,department
77,7,commerce
78,7,cause
79,6,whether
80,6,u
81,6,therefore
82,6,service
83,6,officer
84,6,military
85,6,make
86,6,line
87,6,let
88,6,increase
89,6,including
90,6,hope
91,6,give
92,6,existing
93,6,could
94,6,case
95,6,appropriation
96,6,administration
97,6,1861
98,5,way
99,5,two
100,5,think
101,5,stated
102,5,slave
103,5,single
104,5,serve
105,5,revenue
106,5,relation
107,5,reason
108,5,question
109,5,purpose
110,5,provided
111,5,principle
112,5,political
113,5,plan
114,5,permanent
115,5,pension
116,5,peace
117,5,organization
118,5,operation
119,5,object
120,5,north
121,5,neither
122,5,much
123,5,might
124,5,making
125,5,life
126,5,land
127,5,kentucky
128,5,judicial
129,5,indian
130,5,independent
131,5,given
132,5,future
133,5,expenditure
134,5,expediency
135,5,event
136,5,especially
137,5,engaged
138,5,domestic
139,5,class
140,5,ask
141,5,adopted
142,5,acquisition
143,4,within
144,4,virginia
145,4,valuable
146,4,useful
147,4,treasury
148,4,trade
149,4,three
150,4,thing
151,4,taken
152,4,take
153,4,support
154,4,submitted
155,4,submit
156,4,southern
157,4,south
158,4,source
159,4,said
160,4,respectively
161,4,respectfully
162,4,receipt
163,4,railroad
164,4,provision
165,4,protection
166,4,proper
167,4,probably
168,4,possible
169,4,portion
170,4,population
171,4,popular
172,4,point
173,4,place
174,4,patriotism
175,4,others
176,4,organized
177,4,open
178,4,office
179,4,navy
180,4,national
181,4,must
182,4,mind
183,4,majority
184,4,loyal
185,4,legislature
186,4,le
187,4,june
188,4,interior
189,4,improvement
190,4,hire
191,4,good
192,4,form
193,4,favor
194,4,extensive
195,4,evil
196,4,every
197,4,even
198,4,estimated
199,4,ending
200,4,end
201,4,efficiency
202,4,doubt
203,4,document
204,4,district
205,4,difficulty
206,4,convenient
207,4,considered
208,4,connection
209,4,buy
210,4,business
211,4,branch
212,4,better
213,4,besides
214,4,believe
215,4,authority
216,4,assumed
217,4,arm
218,4,altogether
219,4,although
220,3,yet
221,3,work
222,3,wish
223,3,whose
224,3,volume
225,3,virtue
226,3,vast
227,3,used
228,3,unwilling
229,3,unusual
230,3,unable
231,3,troop
232,3,treaty
233,3,together
234,3,therein
235,3,tennessee
236,3,surplus
237,3,suppression
238,3,suggestion
239,3,struggle
240,3,statute
241,3,side
242,3,ship
243,3,session
244,3,selection
245,3,return
246,3,resolution
247,3,regiment
248,3,refer
249,3,rebellion
250,3,readily
251,3,reach
252,3,provide
253,3,promise
254,3,practical
255,3,port
256,3,period
257,3,per
258,3,peculiar
259,3,ordinary
260,3,opinion
261,3,obligation
262,3,none
263,3,necessary
264,3,nature
265,3,month
266,3,matter
267,3,maryland
268,3,maintaining
269,3,mainly
270,3,letter
271,3,late
272,3,larger
273,3,know
274,3,judgment
275,3,joint
276,3,invite
277,3,insurrectionist
278,3,insurrectionary
279,3,information
280,3,increased
281,3,important
282,3,greatly
283,3,gratifying
284,3,giving
285,3,fixed
286,3,find
287,3,financial
288,3,federal
289,3,failed
290,3,fact
291,3,expressed
292,3,existence
293,3,exercise
294,3,ever
295,3,equal
296,3,energy
297,3,effort
298,3,effect
299,3,eastern
300,3,doubtful
301,3,disloyal
302,3,detention
303,3,demand
304,3,degree
305,3,defense
306,3,control
307,3,consider
308,3,commercial
309,3,chief
310,3,chaplain
311,3,cent
312,3,brought
313,3,beyond
314,3,benefit
315,3,believed
316,3,balance
317,3,attended
318,3,argument
319,3,apparent
320,3,another
321,3,annual
322,3,american
323,3,addition
324,3,account
325,3,1st
326,3,1863
327,2,worthy
328,2,world
329,2,white
330,2,western
331,2,vital
332,2,venture
333,2,vacancy
334,2,true
335,2,today
336,2,till
337,2,texas
338,2,temporary
339,2,taking
340,2,sustained
341,2,sure
342,2,suppose
343,2,superior
344,2,superintendency
345,2,summary
346,2,suggest
347,2,success
348,2,strong
349,2,still
350,2,special
351,2,soon
352,2,soldier
353,2,size
354,2,show
355,2,several
356,2,senate
357,2,seems
358,2,seemed
359,2,seem
360,2,security
361,2,sea
362,2,scott
363,2,schedule
364,2,scarcely
365,2,say
366,2,sale
367,2,sacrifice
368,2,room
369,2,roll
370,2,river
371,2,review
372,2,restoration
373,2,resource
374,2,requires
375,2,representative
376,2,render
377,2,remaining
378,2,regular
379,2,region
380,2,regard
381,2,recognition
382,2,quarter
383,2,purchase
384,2,prudence
385,2,proved
386,2,proposed
387,2,property
388,2,properly
389,2,prominent
390,2,progress
391,2,principal
392,2,preserved
393,2,preservation
394,2,practiced
395,2,potomac
396,2,possession
397,2,position
398,2,policy
399,2,placed
400,2,pirate
401,2,personal
402,2,payment
403,2,patriotic
404,2,patent
405,2,overrun
406,2,occurs
407,2,occasion
408,2,numerous
409,2,northern
410,2,never
411,2,necessity
412,2,near
413,2,mr
414,2,money
415,2,mixed
416,2,missouri
417,2,message
418,2,mclean
419,2,mcclellan
420,2,master
421,2,march
422,2,loyalty
423,2,louisiana
424,2,longer
425,2,long
426,2,loan
427,2,living
428,2,leaf
429,2,largely
430,2,laid
431,2,labored
432,2,kansa
433,2,july
434,2,jefferson
435,2,island
436,2,investigation
437,2,intended
438,2,intelligible
439,2,integrity
440,2,institution
441,2,instead
442,2,influence
443,2,industrial
444,2,induced
445,2,induce
446,2,individual
447,2,indispensable
448,2,house
449,2,hostile
450,2,hospital
451,2,higher
452,2,herewith
453,2,hence
454,2,haste
455,2,hand
456,2,grave
457,2,grade
458,2,go
459,2,generous
460,2,found
461,2,fortunate
462,2,footing
463,2,flag
464,2,fiscal
465,2,final
466,2,fill
467,2,field
468,2,favorable
469,2,faithfully
470,2,expense
471,2,exists
472,2,existed
473,2,exigency
474,2,executive
475,2,except
476,2,evidence
477,2,entire
478,2,encouragement
479,2,enacted
480,2,employed
481,2,empire
482,2,either
483,2,east
484,2,easily
485,2,due
486,2,done
487,2,disturbed
488,2,distinct
489,2,disposition
490,2,disposal
491,2,direction
492,2,directed
493,2,direct
494,2,devised
495,2,detail
496,2,desirable
497,2,denied
498,2,demanded
499,2,deemed
500,2,deem
501,2,declined
502,2,debt
503,2,danger
504,2,created
505,2,correspondence
506,2,convicted
507,2,continues
508,2,construction
509,2,constituting
510,2,considerable
511,2,consequent
512,2,consent
513,2,connected
514,2,conflict
515,2,confiscate
516,2,confidence
517,2,commissioner
518,2,commend
519,2,commander
520,2,comfort
521,2,come
522,2,colored
523,2,colorado
524,2,colonization
525,2,coast
526,2,close
527,2,civil
528,2,circumstance
529,2,china
530,2,chiefly
531,2,certainly
532,2,certain
533,2,cease
534,2,carry
535,2,carolina
536,2,cargo
537,2,careful
538,2,care
539,2,call
540,2,bureau
541,2,bridge
542,2,body
543,2,board
544,2,blockade
545,2,best
546,2,bench
547,2,belong
548,2,beginning
549,2,beginner
550,2,back
551,2,authorized
552,2,authorize
553,2,august
554,2,assume
555,2,approved
556,2,appointed
557,2,appear
558,2,amount
559,2,always
560,2,allegiance
561,2,aid
562,2,agriculture
563,2,aggregate
564,2,agent
565,2,african
566,2,affair
567,2,advisable
568,2,advantage
569,2,administer
570,2,adjournment
571,2,adhered
572,2,additional
573,2,action
574,2,acquiring
575,2,accepting
576,2,abundant
577,2,abroad
578,2,able
579,2,700000
580,2,30th
581,2,30
582,2,1860
583,1,zeal
584,1,yielded
585,1,written
586,1,worth
587,1,working
588,1,withholding
589,1,wise
590,1,wisdom
591,1,wisconsin
592,1,winter
593,1,wholly
594,1,whoever
595,1,wherein
596,1,whereabouts
597,1,whatever
598,1,wellselected
599,1,wellbeing
600,1,warning
601,1,want
602,1,wage
603,1,vote
604,1,volunteer
605,1,voluntary
606,1,voluntarily
607,1,voice
608,1,viz
609,1,violent
610,1,various
611,1,variance
612,1,value
613,1,valuation
614,1,usually
615,1,usual
616,1,usefulness
617,1,use
618,1,urgently
619,1,upheld
620,1,unwise
621,1,unsatisfactory
622,1,unprofitable
623,1,unprecedented
624,1,unmindful
625,1,unlikely
626,1,unless
627,1,unjust
628,1,uniformity
629,1,uniform
630,1,ungenerous
631,1,unfrequently
632,1,unfortunate
633,1,understand
634,1,unchangeably
635,1,uncertain
636,1,unavoidable
637,1,unanimous
638,1,tybee
639,1,turning
640,1,trusted
641,1,trouble
642,1,tribe
643,1,treason
644,1,transportation
645,1,transmitted
646,1,transfer
647,1,transcending
648,1,traffic
649,1,toward
650,1,touch
651,1,total
652,1,torn
653,1,tool
654,1,tone
655,1,toil
656,1,thrown
657,1,throw
658,1,thought
659,1,though
660,1,thirdly
661,1,third
662,1,thereof
663,1,thenceforward
664,1,territorial
665,1,terminus
666,1,tendered
667,1,tempted
668,1,tax
669,1,task
670,1,tanto
671,1,sustain
672,1,suspension
673,1,suspended
674,1,surrendering
675,1,surrendered
676,1,surprised
677,1,surely
678,1,suppressing
679,1,supposed
680,1,supplied
681,1,sumter
682,1,suitable
683,1,suffrage
684,1,sufficient
685,1,suffering
686,1,successor
687,1,subtract
688,1,substitute
689,1,subjected
690,1,subjecta
691,1,structure
692,1,strict
693,1,stricken
694,1,strength
695,1,storm
696,1,step
697,1,steamer
698,1,steadily
699,1,stead
700,1,statistical
701,1,statement
702,1,stability
703,1,squadron
704,1,sprung
705,1,spirit
706,1,speedy
707,1,speedily
708,1,specially
709,1,sovereignty
710,1,southward
711,1,sound
712,1,sort
713,1,sooner
714,1,son
715,1,somewhat
716,1,sometimes
717,1,something
718,1,somehow
719,1,somebody
720,1,solicitude
721,1,solicited
722,1,solely
723,1,soil
724,1,social
725,1,small
726,1,slaver
727,1,sixty
728,1,sink
729,1,similar
730,1,signal
731,1,shown
732,1,showing
733,1,short
734,1,shore
735,1,shop
736,1,seventy
737,1,seven
738,1,settlement
739,1,settled
740,1,served
741,1,serious
742,1,september
743,1,selfsustaining
744,1,selfishly
745,1,selected
746,1,seldom
747,1,seized
748,1,seen
749,1,seeming
750,1,see
751,1,secured
752,1,secondly
753,1,seacoast
754,1,scruple
755,1,scattered
756,1,saying
757,1,saw
758,1,save
759,1,savannah
760,1,satisfying
761,1,satisfy
762,1,satisfaction
763,1,sanitary
764,1,sanctioned
765,1,sailing
766,1,safety
767,1,ruin
768,1,royal
769,1,route
770,1,rounded
771,1,road
772,1,rigor
773,1,rewritten
774,1,revolutionary
775,1,revolt
776,1,revised
777,1,returning
778,1,retiring
779,1,retirement
780,1,retired
781,1,resume
782,1,result
783,1,restore
784,1,rest
785,1,respecting
786,1,respect
787,1,resist
788,1,resignation
789,1,resided
790,1,reserving
791,1,reservation
792,1,representation
793,1,repossession
794,1,repeatedly
795,1,repeat
796,1,repaired
797,1,renown
798,1,renewed
799,1,rendering
800,1,removed
801,1,remove
802,1,remorseless
803,1,remedy
804,1,remedied
805,1,remark
806,1,remain
807,1,relinquishment
808,1,relieved
809,1,relied
810,1,reliance
811,1,reliable
812,1,relative
813,1,regret
814,1,regaining
815,1,refuge
816,1,reform
817,1,referred
818,1,reference
819,1,reestablished
820,1,reduction
821,1,reduced
822,1,recently
823,1,received
824,1,recapture
825,1,reasonable
826,1,really
827,1,ray
828,1,rate
829,1,rank
830,1,ranged
831,1,raising
832,1,radical
833,1,quite
834,1,quiet
835,1,questioned
836,1,putting
837,1,put
838,1,pursuant
839,1,punishment
840,1,prudent
841,1,providing
842,1,providence
843,1,prove
844,1,protect
845,1,prosperous
846,1,prosperity
847,1,propriety
848,1,proposition
849,1,proposedthe
850,1,proof
851,1,prompt
852,1,promote
853,1,promised
854,1,profound
855,1,profitably
856,1,product
857,1,producing
858,1,produced
859,1,produce
860,1,procuring
861,1,proclamation
862,1,proceeds
863,1,proceeded
864,1,proceed
865,1,pro
866,1,prize
867,1,private
868,1,prior
869,1,printed
870,1,primary
871,1,previous
872,1,presume
873,1,pressure
874,1,press
875,1,preserving
876,1,presence
877,1,predecessor
878,1,precision
879,1,precisely
880,1,poverty
881,1,postmastergeneral
882,1,post
883,1,posse
884,1,pleasure
885,1,plea
886,1,plainly
887,1,plain
888,1,placing
889,1,perthshire
890,1,pertaining
891,1,perspicuity
892,1,persevere
893,1,perpetuated
894,1,peril
895,1,performed
896,1,perfect
897,1,perceive
898,1,penniless
899,1,peninsular
900,1,penalty
901,1,peaceably
902,1,patronage
903,1,past
904,1,pas
905,1,party
906,1,partly
907,1,participate
908,1,painfully
909,1,page
910,1,owning
911,1,owner
912,1,overlook
913,1,outgrown
914,1,outgoing
915,1,original
916,1,oregon
917,1,order
918,1,omit
919,1,omission
920,1,old
921,1,often
922,1,official
923,1,offered
924,1,offense
925,1,october
926,1,occurrence
927,1,occurred
928,1,occur
929,1,occupied
930,1,occasioned
931,1,obvious
932,1,obviate
933,1,obtained
934,1,obstruction
935,1,obstructed
936,1,obscure
937,1,objected
938,1,obeying
939,1,numerical
940,1,novel
941,1,notice
942,1,nothing
943,1,northwest
944,1,northward
945,1,northampton
946,1,nomination
947,1,nominal
948,1,nobody
949,1,noble
950,1,nine
951,1,nicholasville
952,1,next
953,1,nevada
954,1,negotiation
955,1,negotiated
956,1,needed
957,1,necessitythat
958,1,necessarily
959,1,nearly
960,1,navigation
961,1,naval
962,1,naturally
963,1,natural
964,1,narrow
965,1,named
966,1,name
967,1,mutual
968,1,munition
969,1,movement
970,1,moral
971,1,monarchy
972,1,modification
973,1,mode
974,1,misapprehension
975,1,minnesota
976,1,minister
977,1,mingle
978,1,militia
979,1,midst
980,1,mexico
981,1,merit
982,1,merely
983,1,mere
984,1,mentioned
985,1,melioration
986,1,meeting
987,1,maturely
988,1,matured
989,1,material
990,1,mate
991,1,massachusetts
992,1,mason
993,1,marked
994,1,mark
995,1,maritime
996,1,manufacture
997,1,man
998,1,majesty
999,1,maintained
1000,1,mail
1001,1,machinery
1002,1,lost
1003,1,london
1004,1,locality
1005,1,local
1006,1,live
1007,1,little
1008,1,limited
1009,1,limit
1010,1,likewise
1011,1,lieutenantgeneral
1012,1,lieu
1013,1,lie
1014,1,liberty
1015,1,liberia
1016,1,liberated
1017,1,liberality
1018,1,lexington
1019,1,lever
1020,1,length
1021,1,legitimate
1022,1,legislative
1023,1,legal
1024,1,led
1025,1,lebanon
1026,1,leaven
1027,1,least
1028,1,learn
1029,1,lawful
1030,1,latter
1031,1,later
1032,1,lasting
1033,1,largest
1034,1,language
1035,1,lake
1036,1,knoxville
1037,1,known
1038,1,keep
1039,1,justified
1040,1,judicious
1041,1,isolated
1042,1,irritation
1043,1,iowa
1044,1,involve
1045,1,invoked
1046,1,invoke
1047,1,investing
1048,1,intrusted
1049,1,introducing
1050,1,intimately
1051,1,intimated
1052,1,intervention
1053,1,interruption
1054,1,interfere
1055,1,interesting
1056,1,intercourse
1057,1,intelligence
1058,1,instruct
1059,1,instance
1060,1,injurious
1061,1,inhuman
1062,1,inhabitant
1063,1,informed
1064,1,inferior
1065,1,inference
1066,1,inevitable
1067,1,industry
1068,1,induces
1069,1,independence
1070,1,increasing
1071,1,inconvenience
1072,1,included
1073,1,inclined
1074,1,inaugurated
1075,1,inaugurate
1076,1,inaugural
1077,1,improbably
1078,1,imprisonment
1079,1,impossible
1080,1,imposes
1081,1,implication
1082,1,immigration
1083,1,humane
1084,1,hostility
1085,1,hoped
1086,1,honor
1087,1,honestly
1088,1,home
1089,1,holden
1090,1,history
1091,1,hirer
1092,1,hinted
1093,1,highest
1094,1,high
1095,1,heretofore
1096,1,hereafter
1097,1,help
1098,1,held
1099,1,health
1100,1,head
1101,1,hazard
1102,1,hayti
1103,1,hatteras
1104,1,harvest
1105,1,harmony
1106,1,harbor
1107,1,hall
1108,1,hackneyed
1109,1,groundless
1110,1,ground
1111,1,gross
1112,1,grew
1113,1,greatest
1114,1,greater
1115,1,gratulation
1116,1,gratitude
1117,1,grateful
1118,1,governmentthe
1119,1,god
1120,1,gentleman
1121,1,generally
1122,1,gave
1123,1,gap
1124,1,furnish
1125,1,fund
1126,1,function
1127,1,fully
1128,1,fullness
1129,1,full
1130,1,fruit
1131,1,friend
1132,1,fragment
1133,1,fortification
1134,1,fort
1135,1,former
1136,1,forgotten
1137,1,forfeited
1138,1,forborne
1139,1,following
1140,1,florida
1141,1,fix
1142,1,five
1143,1,fitting
1144,1,fitted
1145,1,firmness
1146,1,firmly
1147,1,firm
1148,1,fine
1149,1,felt
1150,1,fellowcitizens
1151,1,farm
1152,1,familieswives
1153,1,false
1154,1,faithful
1155,1,faith
1156,1,fair
1157,1,fails
1158,1,fail
1159,1,factious
1160,1,facilitating
1161,1,facilitate
1162,1,extreme
1163,1,extorted
1164,1,extensively
1165,1,extension
1166,1,expressing
1167,1,exposed
1168,1,expired
1169,1,experience
1170,1,expended
1171,1,expected
1172,1,exhibition
1173,1,exhibiting
1174,1,exhibit
1175,1,exercised
1176,1,execution
1177,1,exclusively
1178,1,exciting
1179,1,excess
1180,1,excellent
1181,1,exceeds
1182,1,exceeded
1183,1,everywhere
1184,1,estimate
1185,1,establishing
1186,1,established
1187,1,establish
1188,1,espoused
1189,1,error
1190,1,equipping
1191,1,entitled
1192,1,entirely
1193,1,entered
1194,1,enough
1195,1,enlightened
1196,1,enforcement
1197,1,enemy
1198,1,endures
1199,1,enactment
1200,1,eminently
1201,1,emigration
1202,1,embraced
1203,1,embarrassment
1204,1,embarrass
1205,1,else
1206,1,election
1207,1,elapsed
1208,1,eight
1209,1,effectual
1210,1,effective
1211,1,economy
1212,1,easy
1213,1,earnings
1214,1,earnest
1215,1,earned
1216,1,durable
1217,1,duly
1218,1,drive
1219,1,drawn
1220,1,draw
1221,1,doubtless
1222,1,door
1223,1,dominating
1224,1,dixons
1225,1,division
1226,1,divided
1227,1,divide
1228,1,diversion
1229,1,disunion
1230,1,disrespect
1231,1,dispense
1232,1,disloyalty
1233,1,discussion
1234,1,discretion
1235,1,discipline
1236,1,discharge
1237,1,discern
1238,1,discarding
1239,1,disbursement
1240,1,disabling
1241,1,disability
1242,1,directly
1243,1,diminished
1244,1,difficult
1245,1,different
1246,1,difference
1247,1,differ
1248,1,dictate
1249,1,devoted
1250,1,devolved
1251,1,devise
1252,1,develop
1253,1,determined
1254,1,determine
1255,1,destruction
1256,1,destroy
1257,1,despotism
1258,1,desire
1259,1,designed
1260,1,designation
1261,1,designated
1262,1,deserves
1263,1,depressing
1264,1,depot
1265,1,dependent
1266,1,depend
1267,1,denial
1268,1,demonstration
1269,1,demonstrate
1270,1,delivered
1271,1,deliverance
1272,1,delicacy
1273,1,deliberate
1274,1,delaware
1275,1,degenerate
1276,1,definitely
1277,1,defined
1278,1,deficiency
1279,1,defending
1280,1,defend
1281,1,defective
1282,1,defection
1283,1,deeply
1284,1,deed
1285,1,decrease
1286,1,decidedly
1287,1,december
1288,1,decease
1289,1,debtswas
1290,1,debtor
1291,1,death
1292,1,day
1293,1,daughterswork
1294,1,date
1295,1,dare
1296,1,daniel
1297,1,dangerous
1298,1,dakota
1299,1,daffaires
1300,1,cumberland
1301,1,crush
1302,1,crosspurposes
1303,1,creditable
1304,1,creation
1305,1,create
1306,1,courttwo
1307,1,course
1308,1,county
1309,1,counsel
1310,1,council
1311,1,cotton
1312,1,cost
1313,1,corresponding
1314,1,corp
1315,1,cordial
1316,1,copy
1317,1,cooperating
1318,1,cooperate
1319,1,controversy
1320,1,contribute
1321,1,continue
1322,1,continually
1323,1,contiguous
1324,1,contest
1325,1,contemplated
1326,1,containing
1327,1,contain
1328,1,consular
1329,1,constitutional
1330,1,constantly
1331,1,consist
1332,1,considering
1333,1,considerably
1334,1,consequently
1335,1,consequence
1336,1,connect
1337,1,congenial
1338,1,confidently
1339,1,confided
1340,1,confessedly
1341,1,conducted
1342,1,condemned
1343,1,concurrence
1344,1,conclusive
1345,1,concluded
1346,1,concern
1347,1,completed
1348,1,competent
1349,1,compensated
1350,1,compass
1351,1,compared
1352,1,comparatively
1353,1,community
1354,1,common
1355,1,commit
1356,1,commission
1357,1,commended
1358,1,commenced
1359,1,coming
1360,1,columbia
1361,1,color
1362,1,colonizing
1363,1,collection
1364,1,closing
1365,1,closely
1366,1,climate
1367,1,clerkship
1368,1,clearly
1369,1,classneither
1370,1,claimed
1371,1,choice
1372,1,chesapeake
1373,1,charge
1374,1,characterized
1375,1,channel
1376,1,change
1377,1,census
1378,1,caution
1379,1,casualty
1380,1,cash
1381,1,carrying
1382,1,career
1383,1,capture
1384,1,captain
1385,1,capacity
1386,1,candidate
1387,1,campbell
1388,1,came
1389,1,calling
1390,1,california
1391,1,cadet
1392,1,burned
1393,1,burden
1394,1,broken
1395,1,british
1396,1,britannic
1397,1,bring
1398,1,brilliantly
1399,1,brilliant
1400,1,brief
1401,1,breach
1402,1,bounty
1403,1,boundary
1404,1,born
1405,1,boldly
1406,1,bloody
1407,1,blockading
1408,1,bless
1409,1,beware
1410,1,bestinformed
1411,1,belligerent
1412,1,behalf
1413,1,becomes
1414,1,become
1415,1,basis
1416,1,based
1417,1,bad
1418,1,awhile
1419,1,aware
1420,1,award
1421,1,avoid
1422,1,averting
1423,1,available
1424,1,authorizing
1425,1,auspex
1426,1,aught
1427,1,attendancerising
1428,1,attend
1429,1,attempt
1430,1,attainment
1431,1,attained
1432,1,attached
1433,1,assurance
1434,1,assumption
1435,1,assuming
1436,1,assist
1437,1,assigned
1438,1,assembled
1439,1,assaulted
1440,1,assault
1441,1,asking
1442,1,ascertain
1443,1,arrived
1444,1,armed
1445,1,arkansas
1446,1,arise
1447,1,approbation
1448,1,approach
1449,1,apprehension
1450,1,appointment
1451,1,appointing
1452,1,apply
1453,1,applied
1454,1,application
1455,1,appeal
1456,1,anxious
1457,1,anomalous
1458,1,ample
1459,1,among
1460,1,ambition
1461,1,almost
1462,1,allusion
1463,1,alluded
1464,1,allowed
1465,1,aim
1466,1,aiding
1467,1,agricultural
1468,1,agreed
1469,1,afloat
1470,1,afforded
1471,1,advocated
1472,1,advancing
1473,1,advancement
1474,1,advance
1475,1,adopting
1476,1,adopt
1477,1,admit
1478,1,administering
1479,1,adjustment
1480,1,adjudication
1481,1,adjudicate
1482,1,adequate
1483,1,addressed
1484,1,address
1485,1,adding
1486,1,added
1487,1,add
1488,1,actuated
1489,1,activity
1490,1,across
1491,1,accustomed
1492,1,accredited
1493,1,according
1494,1,accompanying
1495,1,accommodation
1496,1,accommodated
1497,1,accomac
1498,1,accidental
1499,1,accessible
1500,1,accepted
1501,1,acceptance
1502,1,academy
1503,1,absolute
1504,1,abridgment
1505,1,abolished
1506,1,ably
1507,1,ability
1508,1,9823973309
1509,1,9383000
1510,1,904929640
1511,1,8683590027
1512,1,8683000
1513,1,8457883447
1514,1,8
1515,1,6151405
1516,1,6000
1517,1,6
1518,1,5th
1519,1,5225706580
1520,1,5000
1521,1,4th
1522,1,455746271
1523,1,429277618
1524,1,40000
1525,1,4
1526,1,3d
1527,1,3145000
1528,1,250000000
1529,1,200000000
1530,1,200000
1531,1,2
1532,1,1862
1533,1,1859
1534,1,1830
1535,1,1500
1536,1,1470018
1537,1,1360675911
1538,1,12528000
1539,1,10253250927
1540,1,100000
